yizi,WORK
dianhua,WORK
shubiao,WORK
zhiwu,WORK
deng,WORK
qianbi,WORK
zhuozi,WORK
taideng,WORK
bangongzhuo,WORK
chouti,WORK
dianzi youjian,WORK
xiuxi,WORK
kafei,WORK
renwu,WORK
baogao,WORK
wenjian,WORK
fuyinji,WORK
dayinji,WORK
wenjianjia,WORK
laoban,WORK
shixisheng,WORK
tongqin,WORK
kehu,WORK
bangongshi,WORK
yali,WORK
jingli,WORK
wenjian,WORK
bijiben,WORK
diannao,WORK
huiyi,WORK
xiangmu,WORK
tongshi,WORK
gongzuo kongjian,WORK
jiaban,WORK
huiyi,WORK
tuandui hezuo,WORK
gongzuo changsuo,WORK
shengzhi,WORK
shangwu,WORK
yuangong,WORK
fuli,WORK
jiaqi,WORK
jiari,WORK
zuihou qixian,WORK
gongzuo liang,WORK
guozai,WORK
yanjiang,WORK
hezuo,WORK
duorenwu chuli,WORK
yuancheng bangong,WORK
tounao fengbao,WORK
bangong kongjian,WORK
weiguan,WORK
liyi xiangguan zhe,WORK
qiyejia,WORK
shengchanli,WORK
dongli,WORK
tanpan,WORK
zuzhi,WORK
zhuanye renshi,WORK
biaoxian,WORK
goutong,WORK
youhua,WORK
yuehui,WORK

zhuci,EMAIL
huiyi,EMAIL
richeng,EMAIL
jinji,EMAIL
fujian,EMAIL
tixing,EMAIL
zuihou qixian,EMAIL
queren,EMAIL
huifu,EMAIL
bingjia,EMAIL
shoujianren,EMAIL
zhuanfa,EMAIL
huifu,EMAIL
shouxinxiang,EMAIL
caogao,EMAIL
moban,EMAIL
chaosong,EMAIL
youxiang,EMAIL
weidu,EMAIL

yuyin youjian,PHONE
jiedai,PHONE
dengdai,PHONE
yangshengqi,PHONE
jingyin,PHONE
zhenling,PHONE
jujie,PHONE
hulue,PHONE
jieting,PHONE
bohao,PHONE
duijiangji,PHONE
guaduan,PHONE
zhuanyi,PHONE
jingyin,PHONE
duanxin,PHONE
jianpan,PHONE

zhidao,JUNIOR
jianyi,JUNIOR
shuoming,JUNIOR
zhichi,JUNIOR
daoshi,JUNIOR
wenti,JUNIOR
bangzhu,JUNIOR
fankui,JUNIOR
jieshi,JUNIOR
zhishi,JUNIOR
pizhun,JUNIOR
peixun,JUNIOR
weituo,JUNIOR
xuke,JUNIOR
ziyuan,JUNIOR
gengxin,JUNIOR