isu,WORK
denwa,WORK
mausu,WORK
shokubutsu,WORK
akari,WORK
enpitsu,WORK
teeburu,WORK
ranpu,WORK
tsukue,WORK
hikidashi,WORK
meeru,WORK
yasumi,WORK
koohii,WORK
shigoto,WORK
repooto,WORK
fairu,WORK
kopii,WORK
purinta,WORK
foruda,WORK
joushi,WORK
intaan,WORK
tsuukin,WORK
kuraianto,WORK
ofisu,WORK
sutoresu,WORK
maneeja,WORK
bunsho,WORK
notobukku,WORK
pasokon,WORK
kaigi,WORK
purojekuto,WORK
douryou,WORK
waakusupesu,WORK
zangyou,WORK
chiimuwaaku,WORK
shokuba,WORK
shoukaku,WORK
bijinesu,WORK
shain,WORK
koueki,WORK
kyuujitsu,WORK
shukujitsu,WORK
shimekiri,WORK
shigatoryou,WORK
oobaaroodo,WORK
purezen,WORK
kyoudou,WORK
maruchitasuku,WORK
bureinsutoomingu,WORK
ofisusupesu,WORK
maikuromaneejimento,WORK
rigaikankeisha,WORK
kigyouka,WORK
seisansei,WORK
mochibeeshon,WORK
shoudan,WORK
soshiki,WORK
purofesshonaru,WORK
gyouseki,WORK
komyunikeeshon,WORK
kouritsuka,WORK
yoyaku,WORK
kiiboodo,WORK
monitaa,WORK
nittei,WORK
karendaa,WORK
howaitoboodo,WORK
kyouchou,WORK
supureddoshiito,WORK
waakusuteeshon,WORK
kyubikuru,WORK
sukyanaa,WORK
keiji,WORK
keiyaku,WORK
kyuuryou,WORK
sofutowea,WORK
tokei,WORK

aisatsu,EMAIL
kaigi,EMAIL
yotei,EMAIL
kinkyuu,EMAIL
tenpu,EMAIL
rimaindaa,EMAIL
shimekiri,EMAIL
kakunin,EMAIL
henshin,EMAIL
byoukyuu,EMAIL
okurisaki,EMAIL
tensou,EMAIL
henji,EMAIL
jushintorei,EMAIL
shitagaki,EMAIL
tenpureeto,EMAIL
kaabonkopii,EMAIL
yuubin,EMAIL
midoku,EMAIL

boisumeeru,PHONE
uketsuke,PHONE
supiikaa,PHONE
myuuto,PHONE
manaamoodo,PHONE
fusaichakushin,PHONE
mushi,PHONE
henji,PHONE
daiyaruin,PHONE
kiru,PHONE
chakushin,PHONE
kengai,PHONE
tsunagu,PHONE
naru,PHONE

shido,JUNIOR
jogen,JUNIOR
meikai,JUNIOR
sapooto,JUNIOR
mentaringu,JUNIOR
shitsumon,JUNIOR
enjo,JUNIOR
fiidobakku,JUNIOR
setsumei,JUNIOR
shiji,JUNIOR
shounin,JUNIOR
kyouiku,JUNIOR
kyoka,JUNIOR
sozai,JUNIOR
shuusei,JUNIOR
appudeeto,JUNIOR

tomato,INVALID
jagaimo,INVALID
ninjin,INVALID
kyuuri,INVALID
retasu,INVALID
burokori,INVALID
tamanegi,INVALID
ninniku,INVALID
sarada,INVALID
painappuru,INVALID
suika,INVALID
appurupai,INVALID
buraunii,INVALID
kukkii,INVALID
mafin,INVALID
doonatsu,INVALID
kurowassan,INVALID
bagetto,INVALID
baagaa,INVALID
jerato,INVALID
piza,INVALID
tiramisu,INVALID
chokoreeto,INVALID
furaido,INVALID
kappukeeki,INVALID
suteki,INVALID
sushi,INVALID
ramen,INVALID
sukiyaki,INVALID
yakiniku,INVALID